ID,appointment_ID,dog_ID
71fb0307-de95-41df-97cb-ff200be651a3,23a8bdb2-490a-451f-a005-0f746d29ff21,61b10704-6d04-4d9e-869e-a2d29c8baf82
7810ba93-5c8a-47d1-a233-aeeac6b0689f,14b37b1f-6751-4948-9467-6047acd8292f,dbb6e1c3-e68a-40b2-88f8-4a77cfa08a6b
da5b6f8e-7ffc-476c-a0dd-a202e5a0c3c9,94353470-364f-44d4-91cb-a169e81ea03c,5aed653c-0974-4b37-ac85-97198594ac91
edfd93f4-dec6-4c8b-bb8d-6302b7463da3,c5a1e8e2-8405-4cf0-abba-c5c9cb7ebc7f,57224918-8fa5-40f3-ba72-587c9e768b25
645c0522-5e32-45e9-95b9-fc1220ec6b2b,c5a1e8e2-8405-4cf0-abba-c5c9cb7ebc7f,8f4aee94-cfb4-45b5-9fd8-19d4bb26ae47
037665a6-90a3-4227-95d6-813de10442b4,e124a125-bde5-418e-ac5a-66650de34901,57224918-8fa5-40f3-ba72-587c9e768b25
13d55a0b-961a-4834-914b-e40027948039,e124a125-bde5-418e-ac5a-66650de34901,8f4aee94-cfb4-45b5-9fd8-19d4bb26ae47
aa857e60-ae18-4616-a973-f7056d4f5b0e,cd098cfa-fc51-429f-8a20-2f12305f8a1c,0671fcf7-c92f-45b4-a524-f94496364510
9f42c940-3ce1-400b-b464-bd1df87dfcbc,b887907e-395e-4c17-a569-61b4ad35d1cd,6cdae27e-6166-4c78-9971-69ea74d8a7e6
09ec53ad-3e06-43d0-aede-da87e81138f7,b887907e-395e-4c17-a569-61b4ad35d1cd,cc6b955b-ceda-4a85-aba8-e80e3e271bfa
39fa4729-ef8c-4ff6-b08b-68e0cf91a33b,24cd34df-98c4-44a0-8a47-0cd935a6ac25,d313cf8e-14ff-4c4a-b5e5-f9db614f784c
409a20f6-abc8-40d0-b878-d6c7ec10c117,5f65e54f-b641-46e9-85a1-5e865889bcc4,0671fcf7-c92f-45b4-a524-f94496364510
4646c511-3ded-4144-8caa-e9c5f315e64a,2e0d671b-e812-4671-bb87-c04a0dd55b23,665cbe00-282a-4573-bfa7-73871105d4b8
21ff168c-d04d-4be9-bbf4-7787303eacba,a3324967-d4e2-4b25-99f6-1b6f523b51d3,e046f3f9-fcf0-4992-a5be-d0af4bacf3b9
d1306d1b-ef8b-450c-b154-78061e04bd6e,1171151e-451e-4e83-84d4-67b691fe9005,d7fbd259-6ab5-423f-99e2-7a29789cb2c6
0ffefd46-8ef8-4434-9bb0-64e1b8f716e4,b2f78f01-ad88-4554-aad1-fe9fc5efeeb9,3d1608b4-cf0d-4fd8-94e4-b3b95cad64e7
4656e33f-752c-43f7-b2a2-535fdb442412,2a5c5776-0a6d-4b63-82d0-22319f12353f,6114e615-d2a5-477d-b13a-497d72c7a2f6
220d9d69-e51c-4fff-bc65-67951e09299d,73917eea-664e-4818-927c-aa244c458db5,cbcc4699-99ef-42eb-8c3b-b01b5c560b8c
17d32e9c-9bf7-4648-9ea1-a8b7754bb7bb,73917eea-664e-4818-927c-aa244c458db5,1b4e46ae-54b5-471f-90b7-cd5ef933db70
b4cc1d92-c80f-43df-b39e-27088fa97cbc,618469e1-1931-4efa-9e2f-6c8dd8be3576,6114e615-d2a5-477d-b13a-497d72c7a2f6
35c9d7f5-d768-4740-89e5-7e4693ff80e5,aef8a9b4-b2fb-45c7-bdd6-c43b4f98012a,dbb6e1c3-e68a-40b2-88f8-4a77cfa08a6b
77bb7617-b84e-4c3b-9298-995632c7629b,911b3fc5-f098-45df-b1ff-4afeb9af458a,746bdc8c-7db9-44d0-940c-8a9ee253bf91
7a96d25a-db05-4052-a135-f3b4273a109f,c66cebf9-0077-428f-ada1-06400c479224,511e87d0-5213-4582-b0f6-b0cac9896048
516885b1-639d-42e5-b04f-b1c8619bc7e1,c66cebf9-0077-428f-ada1-06400c479224,21a6708f-2aef-4e6b-b698-ef0d60febc99
3d750325-f870-4e32-be3c-27b5d2183958,3ec8fb20-94db-436c-aebd-94d0073ba612,972b37a8-a6ca-42c6-bd64-dd3ba7ec00e0
05424e29-0806-41fe-96e7-230f75a17f65,3ec8fb20-94db-436c-aebd-94d0073ba612,66580f13-d7b8-4d06-8076-5cc1b6592fbe
aff6740c-16a2-4d7f-92ab-5195673a3e5f,ea93cf41-9ef0-4d97-bbe9-323cbf665b8f,153466a4-62af-41fd-b0e7-0d36d92047b7
d0e10950-4100-40dd-a7d4-a90800cae3bc,41283fa0-7633-4e11-889d-c1d8c726dfd6,3ebeb0cb-df19-4748-a2b3-4be61f12791c
346cd14d-5f18-4d36-8417-e3ae20fd939f,41283fa0-7633-4e11-889d-c1d8c726dfd6,b28bbdd5-8d45-40aa-9b6d-e9f9e446fac0
ad1db383-a7f2-4bda-ac56-8c9fc1cec234,cb62191d-4d11-46c9-bacb-de65c0460bdd,e0212a88-398c-41a5-a714-1f8d4d97f711
ffec9917-2fb7-4e53-8ca7-0ff236ee6b55,9eeb1757-dc83-44af-8f96-67572e24199f,f28f7f20-c12f-4dc7-bb08-84f635ccaced
a4561393-5893-48e2-a295-53e5f21bd343,a0b99b59-536f-4015-9326-92058b76b2a1,5aed653c-0974-4b37-ac85-97198594ac91
85035432-ac4e-4271-bb51-cdac1b36fe0c,926ebe62-d394-43bc-9407-dc6a07c0d970,0aea1043-2ea1-4a4c-baba-5922f2e59654
d7d73a40-0af7-4840-8fd0-f129d7e06568,35b179ae-77a3-4443-ad17-84b590d0cd83,b5ebc450-06bb-4a95-8873-3a8471d3ec1f
9941e1df-495e-41d9-854e-eba3225d1a15,ad25abf3-617d-4aee-8a55-ed18c15f9e1b,a88de1a9-e379-41a5-94dd-532502328ace
e40a0abb-7dad-4642-afb1-188bba297e96,d39af149-c13a-4070-b668-d7373d9f9133,6cdae27e-6166-4c78-9971-69ea74d8a7e6
d91a714b-8bf6-4666-92ec-63ab88fdccc6,2143d718-f17d-4dc4-83bb-43a79467e9d7,f28f7f20-c12f-4dc7-bb08-84f635ccaced
f2f1ddda-e5c6-44db-ba4f-a89ab7d140d5,0f5d569f-3cc1-4713-9908-892c2258f7c3,cbcc4699-99ef-42eb-8c3b-b01b5c560b8c
22c22286-47d8-4eaa-b9da-efbca6942cce,506ab2e4-a124-4fb9-9285-d5705dc9cc04,e0212a88-398c-41a5-a714-1f8d4d97f711
340b978d-1aa7-4896-bfb8-2db868d7998f,e966cc31-0db6-4aba-9a84-3d1bfb034183,153466a4-62af-41fd-b0e7-0d36d92047b7
95b5b2d3-1bd5-4b06-a221-6d14f9c1158b,e966cc31-0db6-4aba-9a84-3d1bfb034183,1168c12d-e695-4bbb-a6b0-a4f202cbb0f0
e7354828-912b-4069-99c5-ecc4e95b91d2,6b39d2f1-91f9-44cc-a1b9-5be77acc56cf,ae60d942-960e-400e-9cdc-5b0722c010f8
5c6a903e-f32b-4d75-a9dd-b3b402e7d0dc,3357e71b-c101-4e80-aa82-174dbf961c5a,d313cf8e-14ff-4c4a-b5e5-f9db614f784c
7d43ac02-3e03-4ca5-a797-ca2d4d25b69d,fb9f78cb-fe4d-4009-a709-fbbd51df915e,6cdae27e-6166-4c78-9971-69ea74d8a7e6
0e16bc58-4a05-4ae8-ba33-3acbc9beff76,fb9f78cb-fe4d-4009-a709-fbbd51df915e,cc6b955b-ceda-4a85-aba8-e80e3e271bfa
c2faa7de-bb4c-4397-8da7-4d7a63e5de57,9ea461d8-a1c9-4688-82d1-a3fcd5bc1811,fb8b9dfb-d3a7-4a7d-9aa3-2ce4f06c1e8c
efd077d9-750f-4928-846c-188ab6ff378c,790b97db-9599-4faa-8e74-c1ca0116dd7c,bace65b1-85d3-4385-806e-49792ac988a7
dd4ce47a-a39c-4ded-9235-8f54421536d3,0a5f8c84-3430-4586-95ed-1d09f1af7f81,d313cf8e-14ff-4c4a-b5e5-f9db614f784c
bb6af8c7-2ff3-4a66-9408-becd3dabb213,0a5f8c84-3430-4586-95ed-1d09f1af7f81,179ca330-36d4-4856-9f65-6a021a9713c6
d41fedc0-d99e-45cc-89e7-3e6660d534e9,0a5f8c84-3430-4586-95ed-1d09f1af7f81,4ddfb12a-73b7-4a4c-97fc-758be48c32ef
e36a45d6-a581-40bb-9d71-72c0d68723b2,11ecabed-a4b6-4749-b0c5-2f826e87d5ee,05d89310-a00f-4b83-bcd6-aa69d8bf18c4
3c83518f-986a-4bbb-8912-3e2bc99e612c,8974826c-0e48-4c29-9631-83340cebd215,56f50e57-6a46-4ead-a941-b459dff2de2a
ba18d4aa-7276-4320-b469-7a36f3529b3e,559067d1-b447-4a69-923d-207d52dbbaa8,153466a4-62af-41fd-b0e7-0d36d92047b7
c1d535b7-8b60-4313-999c-a8b3bc509148,559067d1-b447-4a69-923d-207d52dbbaa8,1168c12d-e695-4bbb-a6b0-a4f202cbb0f0
c758b413-7540-4ea5-82ca-42f542198bb6,9cc7a4db-ac28-485e-930c-9870d1d8838a,4d9a2ca6-2650-4545-b4cc-eeb272d5bce4
34cb5368-3fe2-4d07-9596-fb19429f138b,9cc7a4db-ac28-485e-930c-9870d1d8838a,2ef89d07-4c2d-410f-b662-8bdb409fcaca
25466297-babf-473d-8235-4e53962cf18b,296075a0-87e7-4e31-a06c-cc3fdb8fff5f,dbb6e1c3-e68a-40b2-88f8-4a77cfa08a6b
31ff737b-7d15-4f13-b8df-1841a66ed5ea,f771ac7b-0da1-4ab4-8677-ec1b4dfd16db,c5d03354-c2c8-415e-adc3-9be5dfce9cda
fd7e0fe3-5fad-4092-b1e0-28e20cace75a,87f68685-c287-4ded-804d-dc22a5e66b05,cbcc4699-99ef-42eb-8c3b-b01b5c560b8c
8f803ec0-57d3-43e0-9526-cc46db3d7fac,dc831110-c385-4b09-8fa9-011132ce40f5,e046f3f9-fcf0-4992-a5be-d0af4bacf3b9
2d0871b8-7530-4088-b4b1-3a81bc75c98d,f97b6707-cefa-4693-92a6-8ee7dc77e3cf,2a06b69c-caa7-4077-a769-be4483f9d8ed
c7c3bd60-4867-4772-8b86-e739f4e43b18,f97b6707-cefa-4693-92a6-8ee7dc77e3cf,8a4cf119-9c49-4d0d-9229-5e1817e596c9
37aebd1f-d11d-4029-babe-a8c29bd94543,858d5a91-619c-443c-beed-7a0048cbbb68,665cbe00-282a-4573-bfa7-73871105d4b8
a1e1bdc7-1bc7-4dfe-8ca1-f307420e6a3b,82026d2e-c3a9-4b45-aac0-659055745f26,665cbe00-282a-4573-bfa7-73871105d4b8
6b59c7e9-7fcd-43f5-8616-423bdf4eb23e,82026d2e-c3a9-4b45-aac0-659055745f26,28303b1c-110b-4b0a-839d-a8edf2d684c7
0321e59c-d244-49b7-9e96-e8d9936a46e5,5ba00ffb-cc2d-4d0a-8ec0-5f30b783a380,4d9a2ca6-2650-4545-b4cc-eeb272d5bce4
13b98e3a-5a3d-4f12-a95b-bfa6cebfadbb,0c501d1c-99ce-4c59-8df1-19c2a0d1d4f1,2a06b69c-caa7-4077-a769-be4483f9d8ed
0271e7d3-3963-4aa9-b7ea-f165bb80c6c8,0c501d1c-99ce-4c59-8df1-19c2a0d1d4f1,8a4cf119-9c49-4d0d-9229-5e1817e596c9
c5d07823-010b-40b7-ac4d-58b607a60782,c5c22b6a-cf00-4b4d-a918-d940bf997273,4d9a2ca6-2650-4545-b4cc-eeb272d5bce4
cc7d69a7-2d5f-4956-8c38-90325af9bce0,9312db14-d289-44b3-8408-dc8e9f4a857c,4d56093f-1a0c-4bf5-8cc7-4dc187492324
f4ff657e-60fb-4e2e-8e67-bcf1b9c564c3,2b8df26c-885d-47e5-b24f-5a0d41397153,56f50e57-6a46-4ead-a941-b459dff2de2a
2b97ad89-8a30-4974-adc2-42ab713a7410,3ba925bf-58d2-4663-a2b8-60cfd9273c83,b50c7370-e140-47ad-8284-78b92abd5752
c2333686-466e-4665-97b5-9d477b409cfc,775bf148-1c28-418f-a3f0-516fdd98b1bd,e046f3f9-fcf0-4992-a5be-d0af4bacf3b9
559c457a-e479-4e1c-915a-31d0919580e9,6ba863d3-f02a-490a-a94c-d9283bb55c57,972b37a8-a6ca-42c6-bd64-dd3ba7ec00e0
ffe4a681-2f4f-4403-a02f-ccc7c880478e,7bb67893-4db2-4de4-8847-1a45ed3019cc,e0212a88-398c-41a5-a714-1f8d4d97f711
72398f21-5295-405d-be2d-6362907731fb,e6e081af-906a-499e-90da-04f32f17e90f,9f33b3fa-0a0c-497f-b924-722cbbf9f13b
3df941d3-5f12-42ad-a3f2-1038e78e1ad2,e6e081af-906a-499e-90da-04f32f17e90f,425531cb-061a-4663-a691-e1c4b4729eaf
88fa4940-5e1f-431b-b972-6f9d3769a6b3,264f6721-61af-471d-9231-170f19d30410,e046f3f9-fcf0-4992-a5be-d0af4bacf3b9
4d049f28-badd-4bfb-9d95-5d650bcf2435,ded9bbbf-4b83-4428-b5a0-dcae8f1278eb,972b37a8-a6ca-42c6-bd64-dd3ba7ec00e0
98726ee5-78b6-4395-b73f-e23596e6bc85,c8397ee4-44a0-4d9d-94a7-ecd3baa7209e,665cbe00-282a-4573-bfa7-73871105d4b8
a8d0dbdd-b0e7-465a-ac87-842e8b8a265d,c8397ee4-44a0-4d9d-94a7-ecd3baa7209e,28303b1c-110b-4b0a-839d-a8edf2d684c7
cde54eaf-f0c2-4d19-9c37-f88e74fb7e75,0768116a-100b-41cb-bef1-066858566eb0,5aed653c-0974-4b37-ac85-97198594ac91
6bfcd814-d0a0-41cd-978c-62c4845fd65b,faae7149-450e-4b96-a6dc-4bbf4d8f1b54,3ebeb0cb-df19-4748-a2b3-4be61f12791c
3c71ec95-bf31-403a-9f93-d3150e7a32bd,aefe070f-b161-48f7-b0dd-772d19238d39,f28f7f20-c12f-4dc7-bb08-84f635ccaced
2ba49343-471d-4d7f-a749-3a28ec762814,a27373ba-12b3-4d00-ab71-419188cdfbbd,6114e615-d2a5-477d-b13a-497d72c7a2f6
a9df17b1-b321-4357-927f-af15734ec39c,678f2ca0-0ebd-478a-9db5-8551f7fff20f,bc47bc2d-2c0d-45c4-b435-a50e8f1cd179
f1b13de4-d995-40d4-ab42-0ab6fed0c76a,678f2ca0-0ebd-478a-9db5-8551f7fff20f,616d4702-5f97-4221-a36b-24971c7da32d
e51d6042-ccac-450c-9ea8-1ad17d0dd00a,34ba3831-e73d-4bab-9a93-2188c89faeda,fb6ff67a-fc55-4988-9c8f-8959ff68e12e
40257925-a7e0-4c66-a9f3-99f9dbb9bbd4,f1d5c368-87ed-43f6-8f11-24340a8c7634,e0212a88-398c-41a5-a714-1f8d4d97f711
0f18e3c7-edfa-40e3-8925-fa899d23628f,cb0fbf96-a58b-42d9-ba66-31d88fceeb0c,0fb41f8c-36b1-468b-859c-511be0e26a9a
289f31bf-7757-428f-9674-de8a8cc8e08a,960f9ce7-d2c3-4ed1-a5d9-4f01bf2a7e45,d0aa7f4f-1872-4e58-a746-d5a481335d41
f0ba5464-426d-4f18-8465-c67225d6c831,071f7d34-b3e8-40c4-83ce-bf5e9682f62f,e046f3f9-fcf0-4992-a5be-d0af4bacf3b9
230fce9f-e0ca-4924-a454-bdd8a174aa28,917695ba-b16a-4777-b3a7-06b4b1b4e321,d0aa7f4f-1872-4e58-a746-d5a481335d41
84f21131-3d76-4297-b0ad-4e9fea5d02fd,917695ba-b16a-4777-b3a7-06b4b1b4e321,9f38743b-866b-4971-9a5c-0426468e7471
ea36b678-c5c9-49f8-a97f-a88a9329eaf5,e0fd3603-0ca7-4c6a-967a-6b9c842122d7,511e87d0-5213-4582-b0f6-b0cac9896048
64816fe0-a8a6-4c3c-a906-082bca38444a,8ce678b4-12de-41f8-b6de-dd5c67fc355c,e0212a88-398c-41a5-a714-1f8d4d97f711
b8788da7-6587-4c43-9e1e-26f1bc2452e1,1b32f431-0ae5-405e-a1e9-5c90534d2940,ef07a207-2f30-400f-a9c3-89e8dccf1a2d
375327ee-5dee-46bf-b62d-d584af62214f,01f9a8bc-888a-4911-91b9-a6f4f7912d87,ad0e28c7-3edd-45b9-92b5-6818d25a907a
b26a144c-9643-40d8-a4cc-f1a735fc6c2b,d2aaf756-0c8d-4d7c-bf37-2a08666463f5,dbb6e1c3-e68a-40b2-88f8-4a77cfa08a6b
9a94c6d5-c501-480f-96a1-9bd2c24a1f25,d070ea33-0250-4766-b8a0-8318e2692f9f,0fb41f8c-36b1-468b-859c-511be0e26a9a
639fcee9-3d6a-4d74-a452-b6271861917d,d070ea33-0250-4766-b8a0-8318e2692f9f,02eef5d5-9244-43b3-9935-7dbda3372d4c
